Player,Position,Actual_Value_M,Predicted_Value_M,Absolute_Error_M,Value_Band
Bukayo Saka,Forward,110.0,68.82651,41.173496,€100M+
Gabriel Martinelli,Forward,45.0,18.575714,26.424286,€25-50M
Leandro Trossard,Forward,18.0,7.4096136,10.5903865,€10-25M
Noni Madueke,Forward,50.0,34.733517,15.266484,€50-75M
Viktor Gyökeres,Forward,65.0,34.59957,30.400428,€50-75M
Amine Adli,Forward,20.0,17.606388,2.393612,€10-25M
Evanilson,Forward,35.0,29.12494,5.87506,€25-50M
Junior Kroupi,Forward,70.0,50.50816,19.49184,€50-75M
Justin Kluivert,Forward,25.0,16.370424,8.629575,€25-50M
Rayan,Forward,60.0,36.737038,23.262964,€50-75M
Dango Ouattara,Forward,35.0,34.17726,0.82274,€25-50M
Igor Thiago,Forward,65.0,49.566753,15.433248,€50-75M
Keane Lewis-Potter,Forward,25.0,18.321257,6.678744,€25-50M
Danny Welbeck,Forward,3.0,3.0296576,0.0296575,€0-10M
Georginio Rutter,Forward,30.0,23.2347,6.7653,€25-50M
Yankuba Minteh,Forward,45.0,43.259907,1.740092,€25-50M
Jacob Bruun Larsen,Forward,4.0,12.687143,8.687143,€0-10M
Jaidon Anthony,Forward,20.0,16.287363,3.712637,€10-25M
Loum Tchaouna,Forward,13.0,9.962568,3.037432,€10-25M
Lyle Foster,Forward,8.0,13.984648,5.984648,€0-10M
Marcus Edwards,Forward,6.0,15.99394,9.99394,€0-10M
Zian Flemming,Forward,12.0,26.369204,14.369204,€10-25M
Alejandro Garnacho,Forward,28.0,44.404167,16.404168,€25-50M
João Pedro,Forward,80.0,33.254017,46.745984,€75-100M
Liam Delap,Forward,28.0,14.296304,13.703696,€25-50M
Pedro Neto,Forward,60.0,44.861366,15.138632,€50-75M
Beto,Forward,18.0,15.724895,2.275105,€10-25M
Iliman Ndiaye,Forward,55.0,31.756708,23.243292,€50-75M
Thierno Barry,Forward,30.0,26.50443,3.49557,€25-50M
Callum Hudson-Odoi,Forward,30.0,29.025017,0.974984,€25-50M
Chris Wood,Forward,5.0,8.851454,3.851454,€0-10M
Dan Ndoye,Forward,32.0,13.605711,18.394289,€25-50M
Igor Jesus,Forward,25.0,24.471815,0.528184,€25-50M
Omari Hutchinson,Forward,30.0,22.345442,7.654558,€25-50M
Alex Iwobi,Forward,20.0,20.09459,0.09459,€10-25M
Harry Wilson,Forward,25.0,37.02291,12.022912,€25-50M
Kevin,Forward,25.0,19.259924,5.740076,€25-50M
Raúl Jiménez,Forward,3.0,-1.6435806,4.6435805,€0-10M
Rodrigo Muniz,Forward,20.0,13.896678,6.103322,€10-25M
Samuel Chukwueze,Forward,18.0,24.67951,6.67951,€10-25M
Dominic Calvert-Lewin,Forward,22.0,27.946846,5.946846,€10-25M
Lukas Nmecha,Forward,10.0,22.90107,12.90107,€10-25M
Noah Okafor,Forward,25.0,22.106258,2.893742,€25-50M
Cody Gakpo,Forward,60.0,51.28662,8.71338,€50-75M
Hugo Ekitiké,Forward,80.0,59.822826,20.177172,€75-100M
Mohamed Salah,Forward,22.0,42.00879,20.008788,€10-25M
Antoine Semenyo,Forward,80.0,35.59974,44.40026,€75-100M
Erling Haaland,Forward,200.0,136.20918,63.790816,€100M+
Jérémy Doku,Forward,75.0,72.187645,2.812352,€75-100M
Amad Diallo,Forward,45.0,46.284245,1.284244,€25-50M
Benjamin Sesko,Forward,75.0,37.868263,37.131736,€75-100M
Bryan Mbeumo,Forward,75.0,49.26935,25.730652,€75-100M
Matheus Cunha,Forward,75.0,28.19839,46.80161,€75-100M
Anthony Elanga,Forward,32.0,9.293713,22.706287,€25-50M
Anthony Gordon,Forward,65.0,40.514786,24.485216,€50-75M
Nick Woltemade,Forward,55.0,30.30658,24.69342,€50-75M
Brennan Johnson,Forward,30.0,10.138567,19.861433,€25-50M
Evann Guessand,Forward,25.0,11.083942,13.916058,€25-50M
Ismaïla Sarr,Forward,40.0,21.33352,18.66648,€25-50M
Jean-Philippe Mateta,Forward,30.0,27.44391,2.55609,€25-50M
Jørgen Strand Larsen,Forward,40.0,26.330027,13.669974,€25-50M
Dominic Solanke,Forward,28.0,16.444675,11.555325,€25-50M
Mathys Tel,Forward,22.0,13.19997,8.80003,€10-25M
Randal Kolo Muani,Forward,20.0,16.491175,3.508826,€10-25M
Richarlison,Forward,25.0,22.38041,2.61959,€25-50M
Wilson Odobert,Forward,18.0,14.242615,3.757385,€10-25M
Brian Brobbey,Forward,30.0,32.176033,2.176034,€25-50M
Chemsdine Talbi,Forward,25.0,25.39508,0.39508,€25-50M
Wilson Isidor,Forward,18.0,21.950994,3.950994,€10-25M
Morgan Rogers,Forward,90.0,32.977486,57.022514,€75-100M
Ollie Watkins,Forward,25.0,17.46632,7.53368,€25-50M
Callum Wilson,Forward,4.0,5.619505,1.619505,€0-10M
Crysencio Summerville,Forward,35.0,25.974867,9.025134,€25-50M
Jarrod Bowen,Forward,30.0,33.031704,3.031704,€25-50M
Valentín Castellanos,Forward,28.0,25.529497,2.470502,€25-50M
Adam Armstrong,Forward,6.0,13.087673,7.087673,€0-10M
Hwang Hee-Chan,Forward,6.0,6.3002763,0.3002765,€0-10M
Mateus Mané,Forward,20.0,31.538809,11.538808,€10-25M
Tolu Arokodare,Forward,20.0,11.873031,8.126969,€10-25M
Declan Rice,Midfielder,120.0,48.586796,71.413204,€100M+
Eberechi Eze,Midfielder,65.0,18.502216,46.497784,€50-75M
Martin Ødegaard,Midfielder,65.0,31.590328,33.409672,€50-75M
Martín Zubimendi,Midfielder,75.0,38.454205,36.545796,€75-100M
Mikel Merino,Midfielder,25.0,21.53793,3.46207,€25-50M
Alex Scott,Midfielder,50.0,30.752937,19.247062,€50-75M
David Brooks,Midfielder,12.0,22.85094,10.85094,€10-25M
Marcus Tavernier,Midfielder,25.0,32.34851,7.348512,€25-50M
Ryan Christie,Midfielder,8.0,6.909077,1.090923,€0-10M
Tyler Adams,Midfielder,25.0,21.825459,3.174542,€25-50M
Jordan Henderson,Midfielder,1.2,-0.6428557,1.8428556875,€0-10M
Kevin Schade,Midfielder,35.0,26.32207,8.67793,€25-50M
Mathias Jensen,Midfielder,10.0,11.022705,1.022705,€10-25M
Mikkel Damsgaard,Midfielder,30.0,39.274696,9.274696,€25-50M
Vitaly Janelt,Midfielder,16.0,18.49028,2.49028,€10-25M
Carlos Baleba,Midfielder,55.0,25.381414,29.618586,€50-75M
Diego Gómez,Midfielder,25.0,32.55173,7.55173,€25-50M
Jack Hinshelwood,Midfielder,28.0,39.22892,11.22892,€25-50M
Kaoru Mitoma,Midfielder,22.0,28.36457,6.36457,€10-25M
Mats Wieffer,Midfielder,25.0,25.134836,0.134836,€25-50M
Pascal Groß,Midfielder,2.5,1.891609,0.608391,€0-10M
Yasin Ayari,Midfielder,35.0,30.194052,4.805948,€25-50M
Florentino,Midfielder,16.0,19.815046,3.815046,€10-25M
Hannibal Mejbri,Midfielder,15.0,20.516264,5.516264,€10-25M
James Ward-Prowse,Midfielder,5.0,0.5376246,4.462375375,€0-10M
Josh Cullen,Midfielder,4.0,11.922221,7.922221,€0-10M
Josh Laurent,Midfielder,1.5,6.4186864,4.9186865,€0-10M
Lesley Ugochukwu,Midfielder,22.0,35.285164,13.285164,€10-25M
Andrey Santos,Midfielder,40.0,30.104097,9.895902,€25-50M
Cole Palmer,Midfielder,100.0,40.965782,59.034216,€100M+
Enzo Fernández,Midfielder,90.0,57.637325,32.362676,€75-100M
Moisés Caicedo,Midfielder,100.0,36.81685,63.183152,€100M+
Dwight McNeil,Midfielder,18.0,18.847837,0.847838,€10-25M
Idrissa Gueye,Midfielder,0.5,3.9269516,3.42695175,€0-10M
Jack Grealish,Midfielder,20.0,29.003357,9.003356,€10-25M
James Garner,Midfielder,45.0,49.386147,4.386148,€25-50M
Kiernan Dewsbury-Hall,Midfielder,35.0,41.295006,6.295004,€25-50M
Tim Iroegbunam,Midfielder,18.0,27.589094,9.589094,€10-25M
Elliot Anderson,Midfielder,75.0,49.17507,25.824928,€75-100M
Ibrahim Sangaré,Midfielder,20.0,24.867542,4.867542,€10-25M
Morgan Gibbs-White,Midfielder,70.0,40.978863,29.021136,€50-75M
Nicolás Domínguez,Midfielder,15.0,19.369501,4.369502,€10-25M
Emile Smith Rowe,Midfielder,20.0,23.405273,3.405274,€10-25M
Josh King,Midfielder,25.0,19.265434,5.734566,€25-50M
Oscar Bobb,Midfielder,28.0,35.17547,7.175468,€25-50M
Ryan Sessegnon,Midfielder,22.0,14.512608,7.487392,€10-25M
Sander Berge,Midfielder,25.0,25.403797,0.403798,€25-50M
Sasa Lukic,Midfielder,10.0,19.216818,9.216818,€10-25M
Anton Stach,Midfielder,28.0,43.790253,15.790252,€25-50M
Ao Tanaka,Midfielder,13.0,16.501444,3.501444,€10-25M
Brenden Aaronson,Midfielder,22.0,31.761187,9.761186,€10-25M
Ilia Gruev,Midfielder,12.0,23.174067,11.174066,€10-25M
Sean Longstaff,Midfielder,15.0,37.72186,22.72186,€10-25M
Alexis Mac Allister,Midfielder,70.0,29.418549,40.581452,€50-75M
Curtis Jones,Midfielder,35.0,22.746859,12.253142,€25-50M
Dominik Szoboszlai,Midfielder,100.0,60.83645,39.163552,€100M+
Florian Wirtz,Midfielder,100.0,55.12811,44.871892,€100M+
Ryan Gravenberch,Midfielder,80.0,43.3479,36.6521,€75-100M
Bernardo Silva,Midfielder,22.0,10.988338,11.011662,€10-25M
Matheus Nunes,Midfielder,50.0,23.31445,26.68555,€50-75M
Nico González,Midfielder,40.0,30.206057,9.793944,€25-50M
Nico O'Reilly,Midfielder,70.0,28.485786,41.514214,€50-75M
Phil Foden,Midfielder,70.0,49.49634,20.50366,€50-75M
Rayan Cherki,Midfielder,90.0,71.83955,18.160456,€75-100M
Rodri,Midfielder,50.0,23.471272,26.528728,€50-75M
Tijjani Reijnders,Midfielder,50.0,27.626604,22.373396,€50-75M
Bruno Fernandes,Midfielder,35.0,56.937027,21.937028,€25-50M
Casemiro,Midfielder,6.0,19.186377,13.186376,€0-10M
Kobbie Mainoo,Midfielder,70.0,21.158215,48.841786,€50-75M
Mason Mount,Midfielder,25.0,18.277035,6.722966,€25-50M
Bruno Guimarães,Midfielder,70.0,43.428707,26.571292,€50-75M
Harvey Barnes,Midfielder,32.0,31.873741,0.126258,€25-50M
Jacob Murphy,Midfielder,12.0,2.5264978,9.47350225,€10-25M
Jacob Ramsey,Midfielder,35.0,25.826233,9.173768,€25-50M
Joe Willock,Midfielder,14.0,19.265171,5.265172,€10-25M
Joelinton,Midfielder,25.0,16.507254,8.492746,€25-50M
Lewis Miley,Midfielder,25.0,34.23833,9.238332,€25-50M
Sandro Tonali,Midfielder,80.0,21.143867,58.856132,€75-100M
Adam Wharton,Midfielder,70.0,54.2658,15.7342,€50-75M
Daichi Kamada,Midfielder,10.0,23.446669,13.446668,€10-25M
Jefferson Lerma,Midfielder,6.0,5.4762516,0.5237485,€0-10M
Will Hughes,Midfielder,5.0,8.354645,3.3546445,€0-10M
Yéremy Pino,Midfielder,30.0,32.86387,2.86387,€25-50M
Archie Gray,Midfielder,35.0,33.484425,1.515574,€25-50M
Conor Gallagher,Midfielder,32.0,15.091394,16.908606,€25-50M
João Palhinha,Midfielder,15.0,14.353437,0.646563,€10-25M
Lucas Bergvall,Midfielder,35.0,14.246868,20.753132,€25-50M
Mohammed Kudus,Midfielder,50.0,21.569332,28.430668,€50-75M
Pape Matar Sarr,Midfielder,30.0,29.779097,0.220904,€25-50M
Rodrigo Bentancur,Midfielder,20.0,22.251053,2.251052,€10-25M
Xavi Simons,Midfielder,40.0,28.351337,11.648662,€25-50M
Enzo Le Fée,Midfielder,28.0,55.969624,27.969624,€25-50M
Granit Xhaka,Midfielder,8.0,3.4471257,4.55287425,€0-10M
Habib Diarra,Midfielder,35.0,21.802277,13.197724,€25-50M
Noah Sadiki,Midfielder,35.0,37.271072,2.271072,€25-50M
Amadou Onana,Midfielder,45.0,24.221556,20.778444,€25-50M
Boubacar Kamara,Midfielder,40.0,23.48432,16.51568,€25-50M
Douglas Luiz,Midfielder,18.0,10.718352,7.281648,€10-25M
Emiliano Buendía,Midfielder,16.0,24.912912,8.912912,€10-25M
John McGinn,Midfielder,13.0,19.188637,6.188636,€10-25M
Lamare Bogarde,Midfielder,18.0,17.0176,0.9824,€10-25M
Youri Tielemans,Midfielder,30.0,26.517006,3.482994,€25-50M
Freddie Potts,Midfielder,10.0,14.829499,4.829499,€10-25M
Mateus Fernandes,Midfielder,50.0,51.175926,1.175928,€50-75M
Soungoutou Magassa,Midfielder,17.0,18.902176,1.902176,€10-25M
Tomás Soucek,Midfielder,10.0,9.283981,0.716019,€10-25M
André,Midfielder,25.0,33.22114,8.221142,€25-50M
Jean-Ricner Bellegarde,Midfielder,16.0,12.42259,3.57741,€10-25M
João Gomes,Midfielder,40.0,32.608826,7.391176,€25-50M
Cristhian Mosquera,Defender,40.0,32.029312,7.970686,€25-50M
Gabriel Magalhães,Defender,75.0,28.05819,46.94181,€75-100M
Jurriën Timber,Defender,70.0,35.7569,34.2431,€50-75M
Piero Hincapié,Defender,50.0,28.350426,21.649574,€50-75M
Riccardo Calafiori,Defender,55.0,16.871511,38.128488,€50-75M
William Saliba,Defender,100.0,62.8775,37.1225,€100M+
Adam Smith,Defender,0.3,0.9897618,0.6897618125,€0-10M
Adrien Truffert,Defender,30.0,31.03852,1.03852,€25-50M
Bafodé Diakité,Defender,25.0,16.57503,8.42497,€25-50M
James Hill,Defender,23.0,19.044294,3.955706,€10-25M
Marcos Senesi,Defender,25.0,32.228737,7.228736,€25-50M
Álex Jiménez,Defender,22.0,20.386112,1.613888,€10-25M
Kristoffer Ajer,Defender,18.0,12.133028,5.866972,€10-25M
Michael Kayode,Defender,40.0,30.156273,9.843728,€25-50M
Nathan Collins,Defender,30.0,21.04656,8.95344,€25-50M
Rico Henry,Defender,13.0,6.2967916,6.7032085,€10-25M
Sepp van den Berg,Defender,32.0,19.451912,12.548088,€25-50M
Ferdi Kadioglu,Defender,35.0,33.2555,1.744498,€25-50M
Jan Paul van Hecke,Defender,45.0,49.859444,4.859444,€25-50M
Joël Veltman,Defender,1.5,3.0796804,1.5796805,€0-10M
Lewis Dunk,Defender,3.5,4.5665584,1.0665585,€0-10M
Maxim De Cuyper,Defender,22.0,22.47507,0.47507,€10-25M
Axel Tuanzebe,Defender,5.0,6.5518155,1.5518155,€0-10M
Bashir Humphreys,Defender,12.0,18.18197,6.18197,€10-25M
Hjalmar Ekdal,Defender,5.0,14.059826,9.059826,€0-10M
Kyle Walker,Defender,1.5,2.4991326,0.99913275,€0-10M
Lucas Pires,Defender,4.0,17.627245,13.627244,€0-10M
Maxime Estève,Defender,28.0,29.073153,1.073152,€25-50M
Quilindschy Hartman,Defender,16.0,16.451653,0.451652,€10-25M
Jorrel Hato,Defender,40.0,34.080185,5.919816,€25-50M
Malo Gusto,Defender,35.0,34.306587,0.693412,€25-50M
Marc Cucurella,Defender,50.0,36.245323,13.754676,€50-75M
Reece James,Defender,60.0,38.212845,21.787156,€50-75M
Trevoh Chalobah,Defender,40.0,34.473568,5.526432,€25-50M
Wesley Fofana,Defender,28.0,33.210144,5.210144,€25-50M
Jake O'Brien,Defender,18.0,26.038076,8.038076,€10-25M
James Tarkowski,Defender,5.0,10.562564,5.562564,€0-10M
Michael Keane,Defender,3.0,5.529777,2.529777,€0-10M
Vitalii Mykolenko,Defender,25.0,20.8361,4.1639,€25-50M
Morato,Defender,14.0,15.181982,1.181982,€10-25M
Murillo,Defender,50.0,21.440456,28.559544,€50-75M
Neco Williams,Defender,28.0,24.764921,3.235078,€25-50M
Nicolò Savona,Defender,15.0,11.456176,3.543824,€10-25M
Nikola Milenkovic,Defender,28.0,28.052307,0.052308,€25-50M
Ola Aina,Defender,18.0,8.461743,9.538257,€10-25M
Antonee Robinson,Defender,22.0,18.120684,3.879316,€10-25M
Calvin Bassey,Defender,28.0,31.253971,3.253972,€25-50M
Joachim Andersen,Defender,20.0,19.74029,0.25971,€10-25M
Jorge Cuenca,Defender,8.0,18.095726,10.095726,€0-10M
Kenny Tete,Defender,8.0,10.640608,2.640608,€0-10M
Timothy Castagne,Defender,8.0,7.2341495,0.7658505,€0-10M
Ethan Ampadu,Defender,30.0,28.658724,1.341276,€25-50M
Gabriel Gudmundsson,Defender,20.0,15.758716,4.241284,€10-25M
Jaka Bijol,Defender,20.0,21.587063,1.587062,€10-25M
James Justin,Defender,12.0,12.859226,0.859226,€10-25M
Jayden Bogle,Defender,15.0,14.715615,0.284385,€10-25M
Joe Rodon,Defender,18.0,16.710451,1.289549,€10-25M
Pascal Struijk,Defender,22.0,22.800177,0.800176,€10-25M
Andy Robertson,Defender,7.0,15.851847,8.851847,€0-10M
Conor Bradley,Defender,25.0,27.394299,2.394298,€25-50M
Ibrahima Konaté,Defender,45.0,54.949665,9.949664,€25-50M
Jeremie Frimpong,Defender,35.0,28.452309,6.547692,€25-50M
Milos Kerkez,Defender,35.0,39.037354,4.037352,€25-50M
Virgil van Dijk,Defender,15.0,31.498243,16.498244,€10-25M
Abdukodir Khusanov,Defender,50.0,32.846718,17.153284,€50-75M
Josko Gvardiol,Defender,70.0,42.35105,27.648948,€50-75M
Marc Guéhi,Defender,70.0,48.516403,21.483596,€50-75M
Rayan Aït-Nouri,Defender,40.0,40.652157,0.652156,€25-50M
Rúben Dias,Defender,55.0,39.242115,15.757884,€50-75M
Ayden Heaven,Defender,30.0,17.810291,12.189708,€25-50M
Diogo Dalot,Defender,30.0,21.394718,8.605282,€25-50M
Harry Maguire,Defender,8.0,8.818606,0.818606,€0-10M
Leny Yoro,Defender,50.0,24.170994,25.829006,€50-75M
Lisandro Martínez,Defender,40.0,24.413532,15.586468,€25-50M
Luke Shaw,Defender,8.0,12.904501,4.904501,€0-10M
Matthijs de Ligt,Defender,30.0,10.32172,19.67828,€25-50M
Noussair Mazraoui,Defender,18.0,27.781073,9.781072,€10-25M
Patrick Dorgu,Defender,35.0,15.438185,19.561815,€25-50M
Dan Burn,Defender,4.0,1.1736999,2.826300125,€0-10M
Fabian Schär,Defender,4.0,3.6959383,0.30406175,€0-10M
Kieran Trippier,Defender,1.5,11.316705,9.816705,€0-10M
Lewis Hall,Defender,40.0,35.530266,4.469736,€25-50M
Malick Thiaw,Defender,45.0,26.822546,18.177454,€25-50M
Sven Botman,Defender,35.0,25.878963,9.121036,€25-50M
Tino Livramento,Defender,45.0,34.542645,10.457356,€25-50M
Chris Richards,Defender,28.0,19.306042,8.693958,€25-50M
Daniel Muñoz,Defender,22.0,10.758139,11.241861,€10-25M
Jaydee Canvot,Defender,28.0,32.945736,4.945736,€25-50M
Maxence Lacroix,Defender,50.0,28.937029,21.062972,€50-75M
Tyrick Mitchell,Defender,25.0,24.32386,0.67614,€25-50M
Cristian Romero,Defender,45.0,25.698793,19.301206,€25-50M
Destiny Udogie,Defender,30.0,20.125278,9.874722,€25-50M
Djed Spence,Defender,30.0,14.095463,15.904537,€25-50M
Kevin Danso,Defender,20.0,15.758447,4.241553,€10-25M
Micky van de Ven,Defender,50.0,27.92453,22.07547,€50-75M
Pedro Porro,Defender,35.0,38.026688,3.026688,€25-50M
Dan Ballard,Defender,20.0,19.805424,0.194576,€10-25M
Lutsharel Geertruida,Defender,20.0,12.28146,7.71854,€10-25M
Nordi Mukiele,Defender,16.0,14.12507,1.87493,€10-25M
Omar Alderete,Defender,13.0,13.3321,0.3321,€10-25M
Reinildo Mandava,Defender,4.0,5.0799046,1.0799045,€0-10M
Trai Hume,Defender,22.0,23.420286,1.420286,€10-25M
Ezri Konsa,Defender,40.0,32.656467,7.343532,€25-50M
Ian Maatsen,Defender,30.0,20.560125,9.439874,€25-50M
Lucas Digne,Defender,6.0,9.253355,3.253355,€0-10M
Matty Cash,Defender,22.0,21.10712,0.89288,€10-25M
Pau Torres,Defender,20.0,17.790302,2.209698,€10-25M
Tyrone Mings,Defender,3.0,8.033028,5.033028,€0-10M
Victor Lindelöf,Defender,5.0,8.209458,3.209458,€0-10M
Aaron Wan-Bissaka,Defender,15.0,15.760996,0.760996,€10-25M
Axel Disasi,Defender,15.0,10.291615,4.708385,€10-25M
El Hadji Malick Diouf,Defender,28.0,20.4457,7.5543,€25-50M
Jean-Clair Todibo,Defender,22.0,15.093612,6.906388,€10-25M
Konstantinos Mavropanos,Defender,18.0,19.438951,1.438952,€10-25M
Kyle Walker-Peters,Defender,12.0,17.497967,5.497966,€10-25M
Maximilian Kilman,Defender,13.0,9.890311,3.109689,€10-25M
David Møller Wolfe,Defender,8.0,13.193773,5.193773,€0-10M
Hugo Bueno,Defender,12.0,19.11521,7.11521,€10-25M
Jackson Tchatchoua,Defender,12.0,13.72787,1.72787,€10-25M
Ladislav Krejcí,Defender,22.0,22.380096,0.380096,€10-25M
Rodrigo Gomes,Defender,15.0,10.592265,4.407735,€10-25M
Santiago Bueno,Defender,10.0,16.8744,6.8744,€10-25M
Toti Gomes,Defender,18.0,14.530916,3.469084,€10-25M
Yerson Mosquera,Defender,12.0,14.885516,2.885516,€10-25M
David Raya,Goalkeeper,30.0,16.9124,13.0876,€25-50M
Djordje Petrovic,Goalkeeper,28.0,31.090302,3.090302,€25-50M
Caoimhín Kelleher,Goalkeeper,28.0,24.025312,3.974688,€25-50M
Bart Verbruggen,Goalkeeper,40.0,31.18422,8.81578,€25-50M
Martin Dúbravka,Goalkeeper,0.5,3.4583218,2.95832175,€0-10M
Robert Sánchez,Goalkeeper,22.0,22.421324,0.421324,€10-25M
Jordan Pickford,Goalkeeper,13.0,9.482776,3.517224,€10-25M
Matz Sels,Goalkeeper,3.5,2.2713025,1.2286975,€0-10M
Bernd Leno,Goalkeeper,6.0,7.7496204,1.7496205,€0-10M
Karl Darlow,Goalkeeper,0.2,-0.7173567,0.9173566875,€0-10M
Lucas Perri,Goalkeeper,10.0,9.976007,0.023993,€10-25M
Alisson Becker,Goalkeeper,15.0,7.511999,7.488001,€10-25M
Gianluigi Donnarumma,Goalkeeper,45.0,40.665516,4.334484,€25-50M
Senne Lammens,Goalkeeper,35.0,20.71571,14.28429,€25-50M
Aaron Ramsdale,Goalkeeper,12.0,7.9388404,4.0611595,€10-25M
Nick Pope,Goalkeeper,5.0,2.896242,2.103758,€0-10M
Dean Henderson,Goalkeeper,28.0,20.696238,7.303762,€25-50M
Guglielmo Vicario,Goalkeeper,18.0,15.559188,2.440812,€10-25M
Robin Roefs,Goalkeeper,28.0,23.15866,4.84134,€25-50M
Emiliano Martínez,Goalkeeper,12.0,4.7464867,7.2535135,€10-25M
Alphonse Areola,Goalkeeper,4.0,1.1227715,2.8772285,€0-10M
Mads Hermansen,Goalkeeper,15.0,13.293892,1.706108,€10-25M
José Sá,Goalkeeper,3.5,2.7032957,0.79670425,€0-10M
Sam Johnstone,Goalkeeper,2.0,-1.7400545,3.7400545,€0-10M
